{
 "providers":
   [
	 {
	   "type":"bitmap",
	   "file":"along:font/box_skills.png",
	   "ascent":14,
	   "height":48,
	   "chars":["⠍"]
	 },
     {
	   "type":"bitmap",
	   "file":"minecraft:gui/skills_1.png",
	   "ascent":24,
	   "height":149,
	   "chars":["ぉ"]
	 },
     {
	   "type":"bitmap",
	   "file":"minecraft:gui/skills_2.png",
	   "ascent":24,
	   "height":149,
	   "chars":["お"]
	 },
     {
	   "type":"bitmap",
	   "file":"minecraft:gui/skills_3.png",
	   "ascent":24,
	   "height":149,
	   "chars":["か"]
	 },
     {
	   "type":"bitmap",
	   "file":"minecraft:gui/skills_4.png",
	   "ascent":24,
	   "height":149,
	   "chars":["が"]
	 },
     {
	   "type":"bitmap",
	   "file":"minecraft:gui/skills_5.png",
	   "ascent":24,
	   "height":149,
	   "chars":["き"]
	 },
     {
	   "type":"bitmap",
	   "file":"minecraft:gui/skills_progression.png",
	   "ascent":24,
	   "height":149,
	   "chars":["ぎ"]
	 },
     {
	   "type":"bitmap",
	   "file":"minecraft:gui/skills_abilities.png",
	   "ascent":24,
	   "height":137,
	   "chars":["く"]
	 },
     {
	   "type":"bitmap",
	   "file":"minecraft:gui/skills_stats_1.png",
	   "ascent":24,
	   "height":149,
	   "chars":["ぐ"]
	 },
     {
	   "type":"bitmap",
	   "file":"minecraft:gui/skills_stats_2.png",
	   "ascent":24,
	   "height":149,
	   "chars":["け"]
	 },
     {
	   "type":"bitmap",
	   "file":"minecraft:gui/skills_leaderboard.png",
	   "ascent":24,
	   "height":149,
	   "chars":["げ"]
	 }
   ]


}